timestamp,Current_Phase_Average_Mean,Active_Energy_Delivered_Received,Active_Power,Wind_Speed,Weather_Temperature_Celsius,Global_Horizontal_Radiation,Wind_Direction,Weather_Daily_Rainfall,Max_Wind_Speed,Air_Pressure,Hail_Accumulation,Pyranometer_1,Temperature_Probe_1,Temperature_Probe_2
2016/4/1 23:45,4.8373684883118,152166.6719,-0.174916133,1.3866666555405,21.733333587646,-3.157585621,228.80000305176,0,2.0,957.09997558594,0,99999.89844,37.152992248535,37.188800811768
2016/4/1 23:50,4.8377594947815,152166.6563,-0.175183073,1.0966666936874,21.523332595825,-3.060026646,249.13333129883,0,2.0,957.09997558594,0,99999.89844,92.096168518066,37.268779754639
2016/4/2 0:05,4.8391270637512,152166.6094,-0.17498973,0.24000000953674,21.673334121704,-3.593779325,283.23333740234,0,0.60000002384186,957.0,0,99999.89844,37.292045593262,37.281826019287
2016/4/2 0:10,4.8401222229004,152166.5938,-0.174952075,0.17333333194256,21.50333405,-4.072787285,288.60000610352,0,0.40000000596046,957.0,0,99999.89844,37.19603729,37.204528808594
2016/4/2 0:20,4.8425197601318,152166.5625,-0.174446046,0.23666667938232,21.306665420532,-3.561740637,45.0,0,0.40000000596046,956.94000244141,0,99999.89844,37.035320281982,37.081485748291
2016/4/2 0:25,4.8483786582947,152166.5469,-0.174936324,0.22333334386349,21.469999313354,-2.848648548,92.300003051758,0,0.5,956.87670898438,0,99999.89844,55.24023438,37.04239655
2016/4/2 0:30,4.8381843566895,152166.5313,-0.17477636,0.17000000178814,21.650001525879,-2.276571274,147.60000610352,0,0.40000000596046,956.79998779297,0,99999.89844,73.468360900879,37.031295776367
2016/4/2 0:35,4.8341507911682,152166.5156,-0.174752071,0.53333336114883,21.696666717529,-2.335645437,255.23333740234,0,1.1000000238419,956.79998779297,0,99999.89844,36.943767547607,37.007869720459
2016/4/2 0:40,4.8349199295044,152166.5,-0.17478092,1.9166666269302,21.446666717529,-2.547889471,223.0,0,3.9000000953674,956.87670898438,0,99999.89844,37.058498382568,37.072746276855
2016/4/2 0:45,4.8299369812012,152166.4844,-0.174592748,1.7699999809265,21.629999160767,-2.001019716,197.63333129883,0,2.9000000953674,956.91668701172,0,99999.89844,55.725654602051,37.367153167725
2016/4/2 0:50,4.8340940475464,152166.4688,-0.174472883,1.3500000238419,22.286666870117,-2.043353081,200.4666595,0,3.7000000476837,957.07000732422,0,99999.89844,37.733730316162,37.585762023926
2016/4/2 0:55,4.8351354598999,152166.4531,-0.174265698,0.99666666984558,22.510000228882,-2.611389399,207.69999694824,0,1.8999999761581,957.09997558594,0,99999.89844,37.811149597168,37.657264709473
2016/4/2 1:00,4.8354249000549,152166.4531,-0.174418226,1.0,22.569999694824,-2.909165859,200.30000305176,0,1.3999999761581,957.04663085938,0,99999.89844,56.04235458,37.641563415527
2016/4/2 1:05,4.8455677032471,152166.4375,-0.174834505,0.95999997854233,22.463333129883,-3.267524004,195.39999389648,0,1.3999999761581,957.0,0,99999.89844,55.935073852539,37.540073394775
2016/4/2 1:15,4.8417115211487,152166.4063,-0.174694538,0.44333335757256,22.136667251587,-4.107038975,205.39999389648,0,0.69999998807907,957.0,0,99999.89844,37.346488952637,37.248615264893
2016/4/2 1:20,4.8475251197815,152166.3906,-0.174676135,0.50333333015442,21.933332443237,-4.43111372,226.66667175293,0,1.1000000238419,956.95666503906,0,99999.89844,55.413982391357,37.097019195557
2016/4/2 1:30,4.839054108,152166.3594,-0.17411764,1.0333333015442,21.540000915527,-3.975934029,253.19999694824,0,1.3999999761581,956.92004394531,0,99999.89844,55.320957183838,36.992774963379
2016/4/2 1:35,4.8368153572083,152166.3438,-0.173990667,1.0133333206177,21.303333282471,-4.009672165,226.36666870117,0,1.3999999761581,956.90002441406,0,99999.89844,55.315338134766,36.977916717529
2016/4/2 1:40,4.8356466293335,152166.3281,-0.174273834,0.74333333969116,21.200000762939,-3.695026636,229.23333740234,0,1.0,956.90002441406,0,99999.89844,36.993057250977,36.929737091064
2016/4/2 1:45,4.840856552,152166.3125,-0.17425099,1.2133333683014,21.183334350586,-3.722607374,265.4333191,0,1.8999999761581,956.90002441406,0,99999.89844,55.152458190918,36.860721588135
2016/4/2 1:50,4.8380727767944,152166.2969,-0.174306273,0.65333336591721,20.909999847412,-4.144690037,265.83334350586,0,1.2000000476837,956.90002441406,0,99999.89844,73.357124328613,36.803504943848
2016/4/2 1:55,4.8394775390625,152166.2813,-0.174281448,0.30666667222977,20.716667175293,-4.395835876,218.0333405,0,0.60000002384186,956.90002441406,0,99999.89844,73.23486328,36.704235076904
2016/4/2 2:00,4.8320808410645,152166.2656,-0.174164608,0.3266666829586,20.513334274292,-4.64473629,297.63333129883,0,0.60000002384186,956.90002441406,0,99999.89844,36.581436157227,36.593425750732
2016/4/2 2:05,4.8348250389099,152166.25,-0.174096748,0.26000002026558,20.216667175293,-4.98006773,273.0666809,0,0.5,956.90002441406,0,99999.89844,54.712726593018,36.489944458008
2016/4/2 2:10,4.8385462760925,152166.25,-0.173702553,0.63999998569489,20.10000038,-4.306679249,213.43333435059,0,1.0,956.90002441406,0,99999.89844,36.39298248,36.430927276611
2016/4/2 2:15,4.8482627868652,152166.2344,-0.173996747,0.86666667461395,20.110000610352,-3.410591602,217.0333405,0,1.2000000476837,956.90002441406,0,99999.89844,36.376480102539,36.398036956787
2016/4/2 2:20,4.8387937545776,152166.2188,-0.17425181,0.75333333015442,20.140001296997,-3.387147903,219.30000305176,0,1.2000000476837,956.90002441406,0,99999.89844,36.416786193848,36.394420623779
2016/4/2 2:25,4.8123626708984,152166.2031,-0.173953459,0.98666667938232,19.956666946411,-3.558437347,208.33332824707,0,1.5,956.90002441406,0,99999.89844,54.750316619873,36.423137664795
2016/4/2 2:30,4.8244218826294,152166.1875,-0.173973933,0.63999998569489,19.909999847412,-3.483969212,142.83332824707,0,1.0,956.90002441406,0,99999.89844,73.030372619629,36.430347442627
2016/4/2 2:40,4.8304224014282,152166.1563,-0.174017414,0.45000001788139,20.309999465942,-3.17878437,233.69999694824,0,0.89999997615814,956.92669677734,0,99999.89844,72.879127502441,36.36319733
2016/4/2 2:45,4.8349795341492,152166.1406,-0.173553929,0.67666667699814,20.026666641235,-3.833187103,252.10000610352,0,0.89999997615814,957.0,0,99999.89844,54.548191070557,36.297122955322
2016/4/2 2:55,4.8437247276306,152166.1094,-0.174092278,0.53000003099442,19.523332595825,-3.793130875,225.43333435059,0,0.80000001192093,957.0,0,99999.89844,72.692443847656,36.175113677979
2016/4/2 3:00,4.8292632102966,152166.0938,-0.174028516,0.69333332777023,19.706666946411,-2.968208075,193.89999389648,0,1.1000000238419,957.0,0,99999.89844,36.145538330078,36.143676757812
2016/4/2 3:05,4.8389139175415,152166.0781,-0.174156338,0.78333330154419,20.236665725708,-2.502124548,202.30000305176,0,1.1000000238419,956.97998046875,0,99999.89844,36.134315490723,36.137706756592
2016/4/2 3:10,4.8360772132874,152166.0625,-0.174031779,0.72333335876465,20.173334121704,-3.093732834,219.86666870117,0,1.2999999523163,956.90002441406,0,99999.89844,36.159801483154,36.144412994385
2016/4/2 3:15,4.8328948020935,152166.0469,-0.174034461,0.75,19.726667404175,-3.762182713,210.0333405,0,1.1000000238419,956.90002441406,0,99999.89844,36.18383026,36.143379211426
2016/4/2 3:20,4.836697102,152166.0469,-0.173847377,0.66000002622604,19.5,-3.391766071,206.93333435059,0,1.0,956.84997558594,0,99999.89844,54.415184020996,36.098125457764
2016/4/2 3:25,4.8456816673279,152166.0313,-0.173587829,0.83333331346512,19.693332672119,-2.980747938,163.60000610352,0,1.1000000238419,956.8466797,0,99999.89844,36.114860534668,36.063312530518
2016/4/2 3:30,4.8090209960938,152166.0156,-0.173738003,0.87666666507721,20.09666634,-2.552956581,181.19999694824,0,1.2999999523163,956.90002441406,0,99999.89844,36.159488677979,36.093891143799
2016/4/2 3:35,4.8237318992615,152166.0,-0.173958123,0.87000000476837,20.130001068115,-3.049988508,215.23333740234,0,1.2999999523163,956.90002441406,0,99999.89844,91.038650512695,36.179767608643
2016/4/2 3:40,4.8282094,152165.9844,-0.173991725,1.2666666507721,19.673334121704,-3.237570047,173.83332824707,0,2.0,956.91668701172,0,99999.89844,36.305774688721,36.192901611328
2016/4/2 3:45,4.8354020118713,152165.9688,-0.174027175,1.3166667222977,20.056667327881,-2.459117651,164.5333405,0,2.0999999046326,957.0,0,99999.89844,72.98356628,36.302772521973
2016/4/2 3:50,4.8344402313232,152165.9531,-0.173849016,1.383333325,20.369998931885,-2.351905346,160.0,0,2.5999999046326,956.97332763672,0,99999.89844,54.825511932373,36.407878875732
2016/4/2 3:55,4.8344297409058,152165.9375,-0.174028531,1.2233333587646,20.626667022705,-2.423390865,176.30000305176,0,2.4000000953674,956.95666503906,0,99999.89844,73.156578063965,36.503631591797
2016/4/2 4:00,4.8294515609741,152165.9219,-0.173315987,1.2666666507721,20.696666717529,-2.825172901,187.43333435059,0,1.7000000476837,957.0,0,99999.89844,36.721782684326,36.604820251465
2016/4/2 4:05,4.8341808319092,152165.9063,-0.17361249,1.0766667127609,20.536666870117,-3.086100101,204.39999389648,0,1.6000000238419,957.0,0,99999.89844,55.041297912598,36.642051696777
2016/4/2 4:10,4.8313031196594,152165.8906,-0.173990741,1.1633332967758,20.39999962,-3.235517502,196.83332824707,0,1.8999999761581,957.0,0,99999.89844,73.308197021484,36.636775970459
2016/4/2 4:15,4.8331570625305,152165.875,-0.173972681,1.2566666603088,20.39999962,-3.09790206,185.93333435059,0,2.0999999046326,957.02331542969,0,99999.89844,55.053218841553,36.649738311768
2016/4/2 4:20,4.8358106613159,152165.8594,-0.173997432,1.2833333015442,20.469999313354,-3.070834398,174.89999389648,0,2.4000000953674,957.07666015625,0,99999.89844,55.106433868408,36.686626434326
2016/4/2 4:25,4.8409261703491,152165.8438,-0.174009427,1.1299999952316,20.569999694824,-2.818341732,162.23333740234,0,2.0,957.09997558594,0,99999.89844,36.904735565186,36.721343994141
2016/4/2 4:30,4.8493762016296,152165.8438,-0.173936114,1.3166667222977,20.60000038,-2.847044945,171.26666259766,0,1.8999999761581,957.03997802734,0,99999.89844,55.121425628662,36.708099365234
2016/4/2 4:35,4.8431377410889,152165.8281,-0.17349042,1.1766666173935,20.60000038,-2.990818024,184.26666259766,0,1.7999999523163,957.09332275391,0,99999.89844,55.131057739258,36.708686828613
2016/4/2 4:40,4.8423247337341,152165.8125,-0.173190936,0.86000001430511,20.50333405,-3.31396246,175.66667175293,0,2.2000000476837,957.09997558594,0,99999.89844,36.815715789795,36.66654587
2016/4/2 4:45,4.8399090766907,152165.7969,-0.17372568,1.4833333492279,20.5,-3.244689703,161.10000610352,0,2.0999999046326,957.19000244141,0,99999.89844,73.328735351562,36.655738830566
2016/4/2 4:50,4.8381595611572,152165.7813,-0.173642218,1.5599999427795,20.563333511353,-2.924046755,152.73333740234,0,2.5,957.20001220703,0,99999.89844,73.342643737793,36.666065216064
2016/4/2 4:55,4.8411793708801,152165.7656,-0.173676983,1.5233333110809,20.659999847412,-2.814878225,163.83332824707,0,3.0,957.23333740234,0,99999.89844,36.888221740723,36.724426269531
2016/4/2 5:00,4.8371195793152,152165.75,-0.173645556,1.1366666555405,20.643333435059,-3.064740896,171.4666595,0,2.5999999046326,957.29998779297,0,99999.89844,36.964038848877,36.806137084961
2016/4/2 5:05,4.8377432823181,152165.7344,-0.173684373,1.2966666221619,20.5,-3.420629501,167.86666870117,0,2.2000000476837,957.29998779297,0,99999.89844,55.1903038,36.792381286621
2016/4/2 5:10,4.8344740867615,152165.7188,-0.173520014,1.5199999809265,20.413333892822,-3.319157839,155.43333435059,0,2.5,957.29998779297,0,99999.89844,73.443435668945,36.774826049805
2016/4/2 5:15,4.8347220420837,152165.7031,-0.17316106,1.7433333396912,20.39999962,-3.145783663,154.39999389648,0,2.4000000953674,957.31665039062,0,99999.89844,36.907936096191,36.754341125488
2016/4/2 5:20,4.8349285125732,152165.6875,-0.173285767,1.789999962,20.359998703003,-3.096074104,148.06666564941,0,3.0,957.40002441406,0,99999.89844,128.20288085938,36.759254455566
2016/4/2 5:25,4.8354387283325,152165.6719,-0.173566431,1.7999999523163,20.293333053589,-2.865261316,151.16667175293,0,2.5,957.48669433594,0,99999.89844,55.211608886719,36.786334991455
2016/4/2 5:30,4.8347926139832,152165.6563,-0.173566371,1.616666675,20.166667938232,-3.05925703,153.63333129883,0,2.4000000953674,957.5,0,99999.89844,36.914619445801,36.776252746582
2016/4/2 5:35,4.8332571983337,152165.6563,-0.173453495,1.4866666793823,20.069999694824,-3.225735903,155.0333405,0,2.5999999046326,957.54333496094,0,99999.89844,36.858360290527,36.729698181152
2016/4/2 5:40,4.8363904953003,152165.6406,-0.173452884,1.1966667175293,19.943332672119,-3.361106396,155.69999694824,0,1.7000000476837,957.59997558594,0,99999.89844,36.815334320068,36.682037353516
2016/4/2 5:45,4.8316497802734,152165.625,-0.173401609,1.4666666984558,19.813333511353,-3.44570899,160.16667175293,0,2.2999999523163,957.60333251953,0,99999.89844,91.505912780762,36.630298614502
2016/4/2 5:50,4.8305473327637,152165.6094,-0.173111007,1.4766666889191,19.789999008179,-3.255529642,155.19999694824,0,2.2000000476837,957.72668457031,0,99999.89844,54.980152130127,36.608104705811
2016/4/2 5:55,4.8322649002075,152165.5938,-0.172917217,1.5366666316986,19.693334579468,-3.3392663,171.89999389648,0,3.0,957.79998779297,0,99999.89844,210.1358795,36.58634186
2016/4/2 6:00,4.834629536,152165.5781,-0.173518598,1.4533333778381,19.60000038,-3.298632622,178.56666564941,0,2.2999999523163,957.91003417969,0,99999.89844,36.709804534912,36.590377807617
2016/4/2 6:05,4.8353471755981,152165.5625,-0.173672631,1.1033333539963,19.5,-3.56546092,184.30000305176,0,2.0999999046326,958.0,0,99999.89844,36.694046020508,36.584209442139
2016/4/2 6:10,4.8330874443054,152165.5469,-0.173497751,1.5533332824707,19.39999962,-3.444971323,149.93333435059,0,2.5,958.03997802734,0,99999.89844,54.90425491,36.537822723389
2016/4/2 6:15,4.8294587135315,152165.5313,-0.173507333,1.6799999475479,19.39999962,-2.895792484,156.86666870117,0,2.0999999046326,958.09997558594,0,99999.89844,54.872680664062,36.495571136475
2016/4/2 6:20,4.8353500366211,152165.5156,-0.173558995,0.88666665554047,19.343332290649,-3.199854851,159.16667175293,0,1.7000000476837,958.15002441406,0,99999.89844,54.800521850586,36.424980163574
2016/4/2 6:25,4.8432717323303,152165.5,-0.173344135,0.5799999833107,19.25333405,-3.673154354,186.69999694824,0,1.2999999523163,958.22003173828,0,99999.89844,36.425270080566,36.309703826904
2016/4/2 6:35,4.8321585655212,152165.4688,-0.171551809,1.6933333873749,19.10000038,-2.945373774,167.73333740234,0,2.5,958.40002441406,0,99999.89844,73.006004333496,36.343086242676
2016/4/2 6:40,4.813157082,152165.4688,-0.165690705,1.3233333826065,19.083333969116,-2.92504096,232.23333740234,0,2.0999999046326,958.53332519531,0,99999.89844,109.5463104,36.391624450684
2016/4/2 6:45,4.7658019065857,152165.4531,-0.149993703,1.1933332681656,18.756666183472,-2.884503603,202.06666564941,0,2.2000000476837,958.59997558594,0,99999.89844,54.66646194,36.302387237549
2016/4/2 6:50,4.6935262680054,152165.4375,-0.116044298,1.1399999856949,18.620000839233,-1.34629631,215.63333129883,0,2.2999999523163,958.72332763672,0,99999.89844,54.621952056885,36.256721496582
2016/4/2 6:55,4.6754536628723,152165.4375,-0.102487184,1.1033333539963,18.40333366,0.19742728769779,244.06666564941,0,1.7000000476837,958.84002685547,0,99999.89844,36.280612945557,36.191074371338
2016/4/2 7:05,18.857027053833,152166.0313,5.8689908981323,1.2766666412354,17.75,5.5123772621155,229.0,0,2.0,958.94000244141,0,99999.89844,54.351039886475,36.025768280029
2016/4/2 7:10,21.695255279541,152166.7813,9.0794324874878,1.3333333730698,17.396667480469,9.0770359039307,232.5333405,0,1.8999999761581,959.08666992188,0,99999.89844,36.030738830566,35.980068206787
2016/4/2 7:20,40.766887664795,152170.0,23.543928146362,1.1933332681656,16.909999847412,16.078329086304,185.73333740234,0,2.0,959.21667480469,0,99999.89844,54.32385635,36.004291534424
2016/4/2 7:25,57.560073852539,152172.9063,35.004512786865,1.1100000143051,17.156667709351,19.60645866,223.0,0,1.8999999761581,959.35668945312,0,99999.89844,54.499561309814,36.193664550781
2016/4/2 7:30,79.696670532227,152177.0313,49.54016495,1.2133333683014,17.306665420532,23.272621154785,226.73333740234,0,2.0,959.49664306641,0,99999.89844,36.47350693,36.436698913574
2016/4/2 7:45,166.10827636719,152198.3594,105.64781188965,1.2566666603088,18.260000228882,36.912101745605,154.9666595,0,2.0,959.70001220703,0,99999.89844,37.488807678223,37.478584289551
2016/4/2 7:50,199.66235351562,152208.9688,127.31446075439,1.6033333539963,18.90333366,33.40767288,221.5,0,2.9000000953674,959.84332275391,0,99999.89844,37.98490524,38.002510070801
2016/4/2 7:55,232.93930053711,152221.375,148.80656433105,2.0866665840149,19.336666107178,53.146423339844,228.5333405,0,3.7000000476837,960.02331542969,0,99999.89844,38.467311859131,38.50569153
2016/4/2 8:05,301.72924804688,152251.7344,193.34971618652,1.1366666555405,20.156665802002,210.74816894531,163.73333740234,0,2.0,960.05334472656,0,99999.89844,39.524974822998,39.627742767334
2016/4/2 8:10,337.61380004883,152269.7813,216.63403320312,1.3400000333786,20.883333206177,230.14691162109,171.43333435059,0,2.7000000476837,960.12329101562,0,99999.89844,58.41743851,40.284980773926
2016/4/2 8:15,369.97235107422,152289.5938,237.6177521,2.210000038,21.663333892822,248.18658447266,168.0333405,0,3.7999999523163,960.15667724609,0,99999.89844,40.777805328369,40.94051361
2016/4/2 8:20,388.44543457031,152310.375,249.4375,1.9966666698456,22.35000038,267.59585571289,178.66667175293,0,3.7000000476837,960.25665283203,0,99999.89844,59.515483856201,41.481670379639
2016/4/2 8:25,391.37509155273,152331.2813,250.96510314941,2.1933333873749,22.760000228882,286.5612488,172.4666595,0,4.3000001907349,960.29998779297,0,99999.89844,41.786392211914,42.088569641113
2016/4/2 8:30,377.73333740234,152351.4688,242.1863861,2.8633332252502,23.086666107178,310.06771850586,151.69999694824,0,4.9000000953674,960.31665039062,0,99999.89844,60.661750793457,42.787246704102
2016/4/2 8:35,362.78485107422,152370.8438,232.47082519531,2.6766667366028,23.323333740234,331.05981445312,164.83332824707,0,4.6999998092651,960.41333007812,0,99999.89844,42.977493286133,43.468780517578
2016/4/2 8:40,390.97625732422,152391.7344,250.77923583984,3.2300000190735,23.446666717529,351.53646850586,155.13333129883,0,4.6999998092651,960.51666259766,0,99999.89844,43.461036682129,44.098613739014
2016/4/2 8:45,432.95370483398,152414.9219,278.15112304688,2.9466667175293,23.593334197998,371.61279296875,146.89999389648,0,4.9000000953674,960.65667724609,0,99999.89844,62.188716888428,44.688503265381
2016/4/2 8:50,437.61080932617,152438.375,281.40664672852,2.9000000953674,23.833332061768,390.29113769531,157.80000305176,0,4.6999998092651,960.71667480469,0,99999.89844,62.742321014404,45.305721282959
2016/4/2 9:00,434.2868347,152483.25,279.16528320312,2.8700001239777,24.25333405,423.52035522461,153.5,0,5.0,960.79663085938,0,99999.89844,45.505527496338,46.565635681152
2016/4/2 9:05,417.18127441406,152505.5781,268.02975463867,3.1200001239777,24.593334197998,442.58938598633,145.93333435059,0,5.0,960.79998779297,0,99999.89844,46.109855651855,47.226146697998
2016/4/2 9:10,384.58090209961,152526.1719,247.0884552,2.6733334064484,25.083333969116,461.97979736328,154.16667175293,0,4.6999998092651,960.81665039062,0,99999.89844,46.963924407959,47.994884490967
2016/4/2 9:15,377.65084838867,152546.3906,242.59222412109,2.6966667175293,25.216667175293,480.39007568359,160.5333405,0,4.5,960.88000488281,0,99999.89844,65.559875488281,48.562023162842
2016/4/2 9:20,346.35980224609,152564.9219,222.45849609375,3.3833332061768,25.413333892822,495.89053344727,152.13333129883,0,5.4000000953674,960.93334960938,0,99999.89844,65.987480163574,49.171733856201
2016/4/2 9:25,308.20697021484,152581.3906,197.5177155,2.710000038,25.670000076294,511.19256591797,165.93333435059,0,4.0,961.0,0,99999.89844,66.732902526855,49.953472137451
2016/4/2 9:30,298.11291503906,152597.2969,191.02008056641,2.5099999904633,25.909999847412,533.42572021484,158.16667175293,0,3.7999999523163,961.0,0,99999.89844,67.53638458,50.75516129
2016/4/2 9:35,308.42553710938,152613.75,197.43942260742,2.8366665840149,26.040000915527,548.55987548828,162.66667175293,0,4.9000000953674,960.98999023438,0,99999.89844,68.021667480469,51.458957672119
2016/4/2 9:40,313.41778564453,152630.4688,200.48297119141,3.4733333587646,26.373332977295,563.32189941406,150.5,0,5.0999999046326,960.99664306641,0,598.22039794922,86.68106842,52.086841583252
2016/4/2 9:45,324.43908691406,152647.7969,207.97297668457,2.313333273,26.590000152588,580.88049316406,175.93333435059,0,3.7000000476837,961.0,0,617.91058349609,50.755222320557,52.745147705078
2016/4/2 9:50,351.03701782227,152666.5625,225.13229370117,2.7599999904633,27.023332595825,603.51232910156,160.66667175293,0,4.5,961.0,0,643.37854003906,69.653175354004,53.414527893066
2016/4/2 9:55,422.60003662109,152689.1719,271.46032714844,3.1066665649414,27.156667709351,620.22967529297,137.43333435059,0,5.1999998092651,961.0,0,662.39233398438,70.354705810547,54.15563583
2016/4/2 10:00,422.57516479492,152711.8125,271.59906005859,3.0533332824707,27.24666595,635.98364257812,162.06666564941,0,5.0999999046326,961.0,0,680.35235595703,52.564434051514,54.75505066
2016/4/2 10:05,427.0556641,152734.6875,274.58560180664,2.8766667842865,27.616666793823,653.16259765625,157.76666259766,0,4.5,961.0,0,699.50042724609,71.226577758789,55.362174987793
2016/4/2 10:15,397.8378906,152779.0156,255.49879455566,2.1900000572205,28.263332366943,683.12603759766,152.93333435059,0,4.5,960.98999023438,0,733.34118652344,54.646747589111,57.074863433838
2016/4/2 10:25,361.47296142578,152818.7188,231.89312744141,2.1299998760223,28.733333587646,714.40661621094,154.4666595,0,4.1999998092651,960.89337158203,0,769.66027832031,56.104789733887,58.398067474365
2016/4/2 10:30,366.55218505859,152838.3438,235.36250305176,2.5166666507721,29.236667633057,727.24072265625,171.93333435059,0,4.4000000953674,960.84332275391,0,785.01794433594,74.820281982422,59.063045501709
2016/4/2 10:35,351.19644165039,152857.125,225.38746643066,2.6733334064484,29.366666793823,741.33312988281,159.76666259766,0,4.8000001907349,960.83666992188,0,801.06341552734,74.915252685547,59.611633300781
2016/4/2 10:40,356.37390136719,152876.1719,228.68167114258,2.210000038,29.733333587646,754.28692626953,163.89999389648,0,4.0,960.90002441406,0,815.88146972656,94.140579223633,60.430850982666
2016/4/2 10:45,353.70196533203,152895.0938,226.93946838379,1.4733333587646,29.90333366,766.15521240234,104.80000305176,0,3.2999999523163,960.85333251953,0,829.59887695312,59.329517364502,61.562328338623
2016/4/2 10:50,371.95550537109,152914.9688,238.60899353027,1.5833333730698,30.066667556763,776.15582275391,109.40000152588,0,2.7999999523163,960.79998779297,0,840.71246337891,79.311149597168,62.60050201
2016/4/2 10:55,385.36083984375,152935.5781,247.24835205078,2.0833332538605,30.34666634,784.57757568359,152.73333740234,0,4.1999998092651,960.79998779297,0,851.58264160156,80.182891845703,63.546329498291
2016/4/2 11:00,413.42834472656,152957.7031,265.40625,1.9766666889191,30.739999771118,798.30895996094,156.0333405,0,3.9000000953674,960.72998046875,0,867.91949462891,61.36100769,63.671581268311
2016/4/2 11:05,400.32543945312,152979.0938,256.81182861328,2.3699998855591,31.020000457764,809.23321533203,154.10000610352,0,3.7000000476837,960.70001220703,0,881.13110351562,61.157417297363,63.985004425049
2016/4/2 11:10,415.73764038086,153001.3281,266.68798828125,2.4666666984558,30.969999313354,816.17736816406,150.63333129883,0,4.3000001907349,960.64001464844,0,889.5576172,79.782485961914,64.738136291504
2016/4/2 11:15,402.82345581055,153022.8438,258.31259155273,2.0366666316986,31.173334121704,828.97161865234,154.30000305176,0,4.8000001907349,960.58996582031,0,904.12371826172,80.405120849609,65.48770905
2016/4/2 11:20,444.22189331055,153046.6094,285.13494873047,2.5266666412354,31.620000839233,841.86254882812,146.16667175293,0,4.1999998092651,960.51666259766,0,918.22418212891,98.317367553711,65.3846817
2016/4/2 11:25,434.09133911133,153069.8438,278.80191040039,2.5599999427795,31.723333358765,847.96948242188,145.66667175293,0,3.7000000476837,960.42333984375,0,926.0126953,62.428531646729,65.71907043
2016/4/2 11:30,451.82827758789,153094.0313,290.33465576172,2.6766667366028,32.056667327881,858.75201416016,145.83332824707,0,4.0,960.34332275391,0,939.21917724609,81.196250915527,66.339866638184
2016/4/2 11:35,429.81030273438,153117.0469,276.0510559,1.7999999523163,32.296669006348,867.14044189453,155.5333405,0,3.0,960.29998779297,0,949.78289794922,63.665462493896,67.015251159668
2016/4/2 11:45,453.44625854492,153164.7188,291.33029174805,2.0333333015442,32.443332672119,871.30926513672,131.16667175293,0,4.3000001907349,960.20336914062,0,956.97717285156,65.330009460449,68.182464599609
2016/4/2 11:50,470.34628295898,153189.9063,302.25537109375,1.5699999332428,33.00333405,851.07318115234,143.30000305176,0,3.0,960.19000244141,0,935.56829833984,102.29571533203,68.23469543
2016/4/2 11:55,463.0712891,153214.7031,297.52658081055,2.2566666603088,33.0,868.25183105469,145.4666595,0,4.8000001907349,960.09332275391,0,955.89434814453,83.92115021,68.524559020996
2016/4/2 12:05,467.90829467773,153264.0313,300.759491,1.9199999570847,33.143333435059,882.33374023438,200.0333405,0,5.4000000953674,960.0,0,974.12365722656,65.182090759277,68.52539063
2016/4/2 12:10,461.06579589844,153288.7344,296.38684082031,1.3366667032242,33.110000610352,894.56982421875,185.5,0,3.0,959.95336914062,0,988.06732177734,83.584831237793,68.880439758301
2016/4/2 12:15,465.27554321289,153313.6406,298.96795654297,2.0866665840149,33.490001678467,896.26300048828,168.39999389648,0,5.0,959.84332275391,0,990.84564208984,102.77292633057,69.884872436523
2016/4/2 12:20,469.45138549805,153338.7813,301.65985107422,1.9299999475479,33.49333191,907.14349365234,116.76667022705,0,4.0,959.79998779297,0,1002.5625610352,84.893013000488,69.535339355469
2016/4/2 12:25,488.54351806641,153364.9531,314.09844970703,1.9433332681656,33.983333587646,909.98406982422,132.63333129883,0,5.8000001907349,959.69000244141,0,1005.8923339844,104.83101654053,70.703056335449
2016/4/2 12:30,484.771759,153390.9375,311.6594543,2.2666666507721,34.056667327881,918.17889404297,100.16666412354,0,3.4000000953674,959.65002441406,0,1015.6372070312,68.399032592773,70.361206054688
2016/4/2 12:35,503.58078,153417.9063,323.76696777344,1.906666636,33.869998931885,919.25970458984,129.9666595,0,3.7999999523163,959.54998779297,0,1018.5805053711,87.542045593262,70.401924133301
2016/4/2 12:40,555.38073730469,153447.6875,357.30969238281,2.936666727,34.409999847412,916.75555419922,162.43333435059,0,3.9000000953674,959.46331787109,0,1017.0245361328,67.62865448,69.895240783691
2016/4/2 12:45,548.25256347656,153477.0938,352.86993408203,2.6266667842865,34.133335113525,921.83111572266,113.19999694824,0,4.5,959.38336181641,0,1023.607422,66.769454956055,69.535507202148
2016/4/2 12:50,544.86090087891,153506.3125,350.71475219727,1.8000000715256,34.0,922.00805664062,133.26666259766,0,4.3000001907349,959.28668212891,0,1024.4766845703,86.502326965332,70.159873962402
2016/4/2 12:55,533.95288085938,153534.9375,343.39474487305,2.1700000762939,34.209999084473,926.07940673828,148.30000305176,0,4.4000000953674,959.18334960938,0,1029.9923095703,69.246391296387,70.810195922852
2016/4/2 13:00,611.23571777344,153567.7344,393.65231323242,2.4433333873749,34.376667022705,928.32061767578,161.86666870117,0,4.8000001907349,959.10333251953,0,1034.7904052734,86.11580658,70.538619995117
2016/4/2 13:05,574.32745361328,153598.5781,369.97412109375,2.6099998950958,34.50666809,927.1767578,169.06666564941,0,4.6999998092651,959.01000976562,0,1034.9973144531,67.12166595,70.141670227051
2016/4/2 13:10,573.00256347656,153629.3281,369.11685180664,1.9199999570847,34.659999847412,926.76147460938,110.16666412354,0,4.3000001907349,958.93334960938,0,1035.2321777344,68.047752380371,70.414894104004
2016/4/2 13:15,562.7880859,153659.5156,362.2236328,2.6233332157135,34.823333740234,924.62469482422,110.13333129883,0,4.3000001907349,958.90002441406,0,1034.4317626953,86.91862488,70.762657165527
2016/4/2 13:20,563.7197266,153689.75,362.75173950195,1.960000038,34.860000610352,919.86865234375,146.73333740234,0,3.0999999046326,958.89666748047,0,1030.0147705078,69.297637939453,71.571357727051
2016/4/2 13:25,558.68927001953,153719.7188,359.60336303711,1.6100000143051,35.313331604004,917.55627441406,183.76666259766,0,4.5,958.74334716797,0,1029.7423095703,69.874122619629,71.916404724121
2016/4/2 13:30,570.94903564453,153750.3438,367.61834716797,2.7766666412354,35.139999389648,913.92370605469,168.76666259766,0,5.0999999046326,958.69000244141,0,1028.0848388672,87.632049560547,71.793762207031
2016/4/2 13:35,589.8095703,153781.9844,379.72448730469,3.1766667366028,34.95333481,910.15509033203,142.30000305176,0,5.3000001907349,958.63330078125,0,1025.3404541016,66.839172363281,70.144500732422
2016/4/2 13:40,631.09405517578,153815.8906,406.8447266,2.1700000762939,34.990001678467,906.50775146484,144.86666870117,0,5.5,958.59997558594,0,1021.7043457031,66.607597351074,69.867889404297
2016/4/2 13:45,595.60418701172,153847.875,383.67047119141,1.6499999761581,35.060001373291,900.16528320312,262.73333740234,0,5.3000001907349,958.51666259766,0,1015.9831542969,68.609703063965,70.85383606
2016/4/2 13:50,639.37731933594,153882.2344,412.33435058594,1.1800000667572,34.990001678467,893.92974853516,153.43333435059,0,3.7000000476837,958.39337158203,0,1010.1165771484,70.13484955,71.802619934082
2016/4/2 14:00,619.36303710938,153951.5156,399.26788330078,1.7799999713898,34.79666519,884.78009033203,114.56666564941,0,3.0,958.24664306641,0,1000.3412475586,71.541275024414,71.448371887207
2016/4/2 14:05,620.21569824219,153984.8594,400.04385375977,1.5900000333786,34.829998016357,877.71911621094,183.4666595,0,3.5999999046326,958.1533203,0,993.29571533203,90.77791595,71.841087341309
2016/4/2 14:15,624.50415039062,154051.7969,402.58224487305,2.8466668128967,35.643333435059,862.65539550781,217.0333405,0,5.5,957.99664306641,0,978.7490234,66.657218933105,69.028289794922
2016/4/2 14:20,627.81677246094,154085.5156,404.74368286133,3.3733332157135,35.566665649414,853.51208496094,265.76666259766,0,5.5,957.87670898438,0,969.52520751953,64.029365539551,67.130630493164
2016/4/2 14:25,629.26409912109,154119.3438,405.89175415039,2.5066666603088,35.736667633057,845.28668212891,191.39999389648,0,5.0,957.80999755859,0,961.25708007812,81.027137756348,66.357856750488
2016/4/2 14:30,631.25408935547,154153.2969,407.48577880859,4.9000000953674,35.936668395996,836.90173339844,171.5,0,8.6999998092651,957.68664550781,0,954.11920166016,80.138236999512,65.489822387695
2016/4/2 14:35,664.26025390625,154189.0313,428.80355834961,1.7599999904633,35.356666564941,827.65490722656,122.23332977295,0,3.0999999046326,957.78997802734,0,944.37371826172,61.556678771973,64.772911071777
2016/4/2 14:40,659.46209716797,154224.5,425.67202758789,0.99333333969116,35.446666717529,812.99914550781,132.06666564941,0,2.9000000953674,957.66668701172,0,928.81072998047,65.66162109,67.467132568359
2016/4/2 14:45,663.50164794922,154260.2031,428.40267944336,2.3599998950958,35.813335418701,803.77856445312,192.56666564941,0,4.0,957.59997558594,0,920.89562988281,83.901847839355,67.581611633301
2016/4/2 14:50,657.62829589844,154295.5938,424.65872192383,0.87333333492279,35.95333481,792.65179443359,254.06666564941,0,2.2999999523163,957.59997558594,0,909.08532714844,83.2609787,67.413185119629
2016/4/2 14:55,666.33215332031,154331.4688,430.45974731445,3.0233333110809,36.163333892822,778.92346191406,169.26666259766,0,5.8000001907349,957.57666015625,0,895.52691650391,82.795013427734,67.522560119629
2016/4/2 15:00,684.61505126953,154368.3281,442.35711669922,2.9266667366028,36.163333892822,767.66668701172,190.06666564941,0,5.0999999046326,957.57995605469,0,884.33538818359,62.424335479736,65.666046142578
2016/4/2 15:05,697.17297363281,154405.8906,450.78115844727,2.9433333873749,35.810001373291,754.16375732422,230.89999389648,0,5.1999998092651,957.5566406,0,870.68524169922,80.058502197266,64.952674865723
2016/4/2 15:10,704.58612060547,154443.875,455.79000854492,2.2566666603088,35.75,742.22644042969,247.10000610352,0,4.5,957.5,0,857.61315917969,61.372814178467,64.848999023438
2016/4/2 15:15,747.46014404297,154484.1875,483.77459716797,2.6199998855591,35.95333481,727.72583007812,210.80000305176,0,6.3000001907349,957.44665527344,0,842.75073242188,61.77628326,64.809722900391
2016/4/2 15:20,762.33465576172,154525.3281,493.62225341797,1.9900000095367,35.883335113525,714.93023681641,196.06666564941,0,3.9000000953674,957.48333740234,0,828.93682861328,60.698627471924,63.578567504883
2016/4/2 15:25,767.93377685547,154566.7656,497.25823974609,1.7866666316986,35.633335113525,701.14117431641,144.5333405,0,4.5999999046326,957.45336914062,0,813.63287353516,60.787315368652,63.705932617188
2016/4/2 15:40,754.47619628906,154689.1875,488.37670898438,3.0,35.783332824707,654.3300781,171.10000610352,0,5.4000000953674,957.39337158203,0,763.84387207031,62.457386016846,64.133201599121
2016/4/2 15:50,783.03686523438,154772.875,506.83831787109,3.1199998855591,35.54666519,624.51342773438,148.0333405,0,4.1999998092651,957.40002441406,0,732.34448242188,59.112655639648,61.410419464111
2016/4/2 16:00,794.79718017578,154857.9531,514.52038574219,2.1266667842865,35.639999389648,589.25439453125,166.0333405,0,4.5,957.38000488281,0,694.59887695312,59.37739944,61.424545288086
2016/4/2 16:05,814.94372558594,154901.9844,528.27166748047,2.2433333396912,35.770000457764,572.53759765625,126.0,0,4.0,957.40002441406,0,676.74926757812,76.801979064941,60.563354492188
2016/4/2 16:10,823.25299072266,154946.4531,533.71008300781,0.99000000953674,35.693332672119,554.38372802734,154.4666595,0,2.2999999523163,957.32666015625,0,656.72454833984,59.035427093506,60.405284881592
2016/4/2 16:15,819.24743652344,154990.7031,530.94116210938,1.5133333206177,35.836666107178,535.80767822266,131.06666564941,0,2.7999999523163,957.29998779297,0,636.57293701172,59.229305267334,60.482719421387
2016/4/2 16:20,800.32086181641,155033.8594,517.94995117188,2.8866665363312,36.116664886475,519.5566406,276.26666259766,0,4.8000001907349,957.24334716797,0,618.88568115234,58.323135375977,59.701011657715
2016/4/2 16:25,781.23468017578,155075.9688,505.25021362305,3.7799999713898,36.156665802002,503.83901977539,151.0,0,12.5,957.18334960938,0,601.63043212891,56.424560546875,58.216259002686
2016/4/2 16:30,755.75329589844,155116.7188,488.89508056641,2.8866665363312,35.840000152588,483.94473266602,156.0,0,6.9000000953674,957.28332519531,0,579.2988281,73.786155700684,57.159713745117
2016/4/2 16:40,702.05792236328,155193.7813,453.11352539062,2.1199998855591,35.883335113525,445.79843139648,191.23333740234,0,3.7000000476837,957.29998779297,0,536.69665527344,54.047721862793,55.526725769043
2016/4/2 16:45,672.28503417969,155229.9375,433.92736816406,1.9566667079926,35.846668243408,426.05624389648,196.4666595,0,3.7000000476837,957.29998779297,0,514.43176269531,53.871402740479,55.342334747314
2016/4/2 16:50,642.1699219,155264.4844,414.51748657227,2.2266666889191,35.773334503174,406.59176635742,160.16667175293,0,4.9000000953674,957.29998779297,0,493.33139038086,53.638103485107,55.139308929443
2016/4/2 17:00,581.86431884766,155328.5156,374.89682006836,2.6266665458679,35.74333191,368.48187255859,154.4666595,0,5.8000001907349,957.31665039062,0,450.8639832,53.18627167,54.389266967773
2016/4/2 17:05,551.54632568359,155358.0938,354.92965698242,2.3699998855591,35.75,349.6233215,130.69999694824,0,5.0,957.36999511719,0,429.65899658203,52.87903214,53.816242218018
2016/4/2 17:10,520.42706298828,155385.9531,334.40631103516,3.3033332824707,35.689998626709,327.38467407227,156.30000305176,0,5.9000000953674,957.40002441406,0,405.44213867188,52.29471207,53.231079101562
2016/4/2 17:15,489.23770141602,155412.125,313.974884,2.6766667366028,35.473335266113,308.53433227539,159.83332824707,0,4.6999998092651,957.42004394531,0,384.41821289062,51.684188842773,52.5946846
2016/4/2 17:20,456.46942138672,155436.5156,292.71621704102,2.2733333110809,35.473335266113,288.88906860352,173.13333129883,0,4.9000000953674,957.47332763672,0,362.48159790039,51.162227630615,52.040142059326
2016/4/2 17:25,422.4707031,155459.0625,270.60638427734,2.3166666030884,35.400001525879,269.01397705078,160.0,0,3.7000000476837,957.5,0,339.56549072266,50.612453460693,51.501022338867
2016/4/2 17:30,388.97711181641,155479.8125,248.93751525879,2.0899999141693,35.296669006348,249.0396271,179.69999694824,0,4.1999998092651,957.57666015625,0,317.15274047852,50.12011719,50.965774536133
2016/4/2 17:35,354.6076965,155498.7031,226.62049865723,1.8266667127609,35.24666595,229.48567199707,182.60000610352,0,3.2000000476837,957.54333496094,0,294.35952758789,67.968322753906,50.495758056641
2016/4/2 17:40,319.97222900391,155515.7188,204.19044494629,2.4266667366028,35.25666809,210.5714264,162.43333435059,0,3.5999999046326,957.59661865234,0,272.12088012695,122.2931061,50.002635955811
2016/4/2 17:45,286.02038574219,155530.8906,182.22134399414,1.8099999427795,35.200000762939,190.59465026855,166.39999389648,0,3.2999999523163,957.61999511719,0,248.77651977539,94.400398254395,49.402328491211
2016/4/2 17:50,251.08883666992,155544.2031,159.70542907715,2.5266666412354,35.180000305176,170.52842712402,146.10000610352,0,4.3000001907349,957.6933594,0,225.05183410645,48.324058532715,48.918449401855
2016/4/2 17:55,215.98515319824,155555.6406,137.12051391602,1.7400000095367,35.099998474121,151.42175292969,132.13333129883,0,3.4000000953674,957.70001220703,0,202.41729736328,47.874794006348,48.38452911
2016/4/2 18:00,182.57641601562,155565.25,115.44510650635,1.5233333110809,35.013332366943,131.91839599609,141.0333405,0,2.7000000476837,957.70001220703,0,179.40991210938,47.499938964844,47.928192138672
2016/4/2 18:05,150.6721497,155573.1563,94.883613586426,1.8233332633972,34.920001983643,112.85691833496,153.16667175293,0,3.0999999046326,957.73333740234,0,156.85725402832,46.940544128418,47.496738433838
2016/4/2 18:10,121.29950714111,155579.4844,75.932182312012,1.3966666460037,34.74333191,94.187339782715,155.19999694824,0,2.4000000953674,957.74334716797,0,134.44947814941,46.176517486572,46.997535705566
2016/4/2 18:15,94.444778442383,155584.375,58.617446899414,1.3266667127609,34.646667480469,78.185180664062,152.33332824707,0,2.7000000476837,957.79998779297,0,115.03127288818,45.571437835693,46.469478607178
2016/4/2 18:20,69.685325622559,155587.9375,42.768081665039,1.6633332967758,34.463333129883,59.415092468262,136.19999694824,0,2.7000000476837,957.81335449219,0,91.84252167,45.062435150146,45.651565551758
2016/4/2 18:25,49.305225372314,155590.3594,29.11573601,1.9833333492279,34.263332366943,41.065547943115,145.73333740234,0,3.5999999046326,957.90002441406,0,69.909790039062,44.724895477295,44.972103118896
2016/4/2 18:30,34.091487884521,155591.9063,18.495586395264,1.7333333492279,34.04333115,25.611700057983,152.76666259766,0,2.5999999046326,957.92999267578,0,50.386066436768,44.330375671387,44.466331481934
2016/4/2 18:35,24.146797180176,155592.7969,10.646204948425,1.6066666841507,33.826667785645,13.563984870911,154.36666870117,0,2.0999999046326,958.0,0,30.698942184448,43.884071350098,44.001625061035
2016/4/2 18:40,18.772468566895,155593.2031,4.9284553527832,1.186666727,33.529998779297,2.6815280914307,156.0,0,1.7999999523163,958.0,0,4.4811544418335,43.441753387451,43.539958953857
2016/4/2 18:45,14.550246238708,155593.3594,1.8233147859573,0.77333331108093,33.209999084473,-1.010772467,163.89999389648,0,1.2999999523163,958.07666015625,0,-0.671863794,61.271892547607,43.097724914551
2016/4/2 18:50,4.5842943191528,155593.3438,-0.173154086,0.73666667938232,32.873332977295,-4.000468254,169.4666595,0,1.0,958.09997558594,0,-3.687133551,42.539821624756,42.638084411621
2016/4/2 18:55,4.5837306976318,155593.3281,-0.172367305,0.79000002145767,32.549999237061,-5.579212666,163.9666595,0,1.1000000238419,958.19000244141,0,-5.256073952,42.077709197998,42.194751739502
2016/4/2 19:00,4.665328503,155593.3125,-0.207452163,0.43333333730698,32.189998626709,-6.557850361,128.0,0,1.1000000238419,958.20001220703,0,-6.127152443,59.872989654541,41.732776641846
2016/4/2 19:05,4.744523525,155593.2969,-0.238459721,0.66000002622604,31.89999962,-6.958862782,159.63333129883,0,1.0,958.29998779297,0,-6.605109215,41.242149353027,41.393421173096
2016/4/2 19:10,4.7573070526123,155593.2656,-0.242399529,0.75999999046326,31.793333053589,-6.429278851,166.0333405,0,1.2000000476837,958.32330322266,0,-6.15791893,40.995964050293,41.135730743408
2016/4/2 19:15,4.7574362754822,155593.25,-0.242981449,0.71666669845581,31.643333435059,-6.094043732,164.83332824707,0,1.1000000238419,958.40002441406,0,-5.884768486,40.801605224609,40.904193878174
2016/4/2 19:20,4.7606945037842,155593.2344,-0.243128344,0.86333334445953,31.446666717529,-6.019639969,163.76666259766,0,1.2000000476837,958.43334960938,0,-5.789716244,58.914539337158,40.713661193848
2016/4/2 19:25,4.7662863731384,155593.2031,-0.24350138,0.72666668891907,31.223333358765,-5.902806282,145.66667175293,0,1.0,958.50335693359,0,-5.540066242,40.54109955,40.556297302246
2016/4/2 19:30,4.7617564201355,155593.1875,-0.242939398,0.58333337306976,30.876667022705,-6.14080286,166.13333129883,0,1.2999999523163,958.59997558594,0,-5.763349056,40.394603729248,40.432739257812
2016/4/2 19:35,4.7631764411926,155593.1719,-0.238648951,0.72333335876465,30.726667404175,-6.071049213,152.66667175293,0,1.2000000476837,958.59997558594,0,-5.713311195,40.257976531982,40.270359039307
2016/4/2 19:40,4.8077349662781,155593.1563,-0.172712162,0.96666663885117,30.5,-5.578346729,157.60000610352,0,1.2999999523163,958.68664550781,0,-5.09653759,40.1722374,40.147262573242
2016/4/2 19:45,4.8073382377625,155593.1406,-0.17273733,0.64999997615814,30.296667098999,-5.698483944,172.16667175293,0,0.89999997615814,958.72003173828,0,96666.40625,40.06282043,40.0318222
2016/4/2 19:50,4.8108224868774,155593.125,-0.172800213,0.95999997854233,30.076667785645,-5.663847446,180.60000610352,0,1.6000000238419,958.79998779297,0,99999.89844,39.939228057861,39.907379150391
2016/4/2 19:55,4.8124775886536,155593.1094,-0.172716185,0.88333332538605,29.776666641235,-5.460615158,172.56666564941,0,1.7000000476837,958.81335449219,0,99999.89844,39.912654876709,39.811515808105
2016/4/2 20:00,4.8117685317993,155593.0938,-0.172815576,0.98000001907349,29.593334197998,-5.35519886,174.9666595,0,1.6000000238419,958.90002441406,0,99999.89844,39.869197845459,39.729251861572
2016/4/2 20:05,4.8117847442627,155593.0781,-0.172461793,1.0266666412354,29.406665802002,-5.364210606,165.0,0,2.0,958.96667480469,0,99999.89844,39.821643829346,39.668075561523
2016/4/2 20:10,4.8089871406555,155593.0625,-0.172261491,0.90333336591721,29.233333587646,-5.187019825,171.83332824707,0,1.2999999523163,959.0,0,99999.89844,39.863891601562,39.662425994873
2016/4/2 20:15,4.8139491081238,155593.0469,-0.172667071,0.77333331108093,29.013334274292,-5.404042721,162.93333435059,0,1.2000000476837,959.08666992188,0,99999.89844,39.818130493164,39.598407745361
2016/4/2 20:20,4.8162350654602,155593.0313,-0.172774225,0.87999999523163,29.0,-5.172042847,155.5,0,1.7999999523163,959.09997558594,0,99999.89844,58.011081695557,39.532981872559
2016/4/2 20:25,4.8164825439453,155593.0313,-0.17275998,1.1466666460037,29.036666870117,-4.490572453,159.39999389648,0,1.8999999761581,959.18664550781,0,99999.89844,57.981296539307,39.510711669922
2016/4/2 20:30,4.8160829544067,155593.0156,-0.172846049,0.8400000333786,29.10000038,-4.498429775,168.4666595,0,1.3999999761581,959.22668457031,0,99999.89844,76.19539642,39.489459991455
2016/4/2 20:35,4.8123822212219,155593.0,-0.172720417,1.0199999809265,28.983333587646,-4.77869606,162.13333129883,0,1.3999999761581,959.31665039062,0,99999.89844,39.584506988525,39.42215347
2016/4/2 20:40,4.812849522,155592.9844,-0.172708079,1.1499999761581,28.716667175293,-4.800792694,198.86666870117,0,2.2000000476837,959.46667480469,0,99999.89844,76.159538269043,39.446220397949
2016/4/2 20:45,4.8154759407043,155592.9688,-0.172276914,1.2699999809265,28.25,-5.147604942,176.69999694824,0,1.8999999761581,959.51666259766,0,99999.89844,39.766181945801,39.521190643311
2016/4/2 20:50,4.8161768913269,155592.9531,-0.172471568,1.2699999809265,28.046667098999,-4.860091209,170.83332824707,0,2.0,959.59997558594,0,99999.89844,39.85107422,39.577743530273
2016/4/2 20:55,4.8187794685364,155592.9375,-0.172847092,1.4366666078568,27.963333129883,-4.571615219,158.86666870117,0,2.5,959.66668701172,0,99999.89844,39.957622528076,39.701892852783
2016/4/2 21:00,4.8176822662354,155592.9219,-0.172913343,1.2833333015442,27.713333129883,-4.713463783,165.80000305176,0,2.2000000476837,959.70001220703,0,99999.89844,39.971244812012,39.740379333496
2016/4/2 21:05,4.819137096,155592.9063,-0.172833666,1.7733333110809,27.60000038,-4.453755379,164.19999694824,0,3.7999999523163,959.78997802734,0,99999.89844,58.260879516602,39.795955657959
2016/4/2 21:10,4.8202939033508,155592.8906,-0.172884911,1.9099999666214,27.60000038,-4.103158474,169.93333435059,0,3.7000000476837,959.8066406,0,99999.89844,58.430934906006,39.941585540771
2016/4/2 21:15,4.8199381828308,155592.875,-0.172999799,1.9299999475479,27.543333053589,-4.056912422,156.26666259766,0,3.4000000953674,959.95001220703,0,99999.89844,40.270622253418,40.055637359619
2016/4/2 21:20,4.8196783065796,155592.8594,-0.172497734,1.7766666412354,27.483333587646,-4.17916584,160.83332824707,0,2.7999999523163,960.0,0,99999.89844,40.248722076416,40.068874359131
2016/4/2 21:25,4.8240699768066,155592.8438,-0.172453716,1.8266667127609,27.39999962,-4.218292236,159.36666870117,0,2.9000000953674,960.06329345703,0,99999.89844,58.427379608154,40.005512237549
2016/4/2 21:30,4.8239092826843,155592.8438,-0.173068613,1.9866666793823,27.373332977295,-3.925422668,157.19999694824,0,2.7999999523163,960.09997558594,0,99999.89844,76.659019470215,39.969497680664
2016/4/2 21:35,4.8223791122437,155592.8281,-0.173012286,2.1400001049042,27.263332366943,-4.001461983,150.23333740234,0,3.2999999523163,960.19000244141,0,99999.89844,40.101779937744,39.931522369385
2016/4/2 21:40,4.8204445838928,155592.8125,-0.172978967,1.9766666889191,27.059999465942,-4.036291122,149.69999694824,0,2.7000000476837,960.29663085938,0,99999.89844,40.057460784912,39.874900817871
2016/4/2 21:50,4.8193588256836,155592.7813,-0.172919542,1.7366666793823,26.65333366,-4.414244175,156.26666259766,0,3.2999999523163,960.43334960938,0,99999.89844,58.096138000488,39.71607208
2016/4/2 21:55,4.8184666633606,155592.7656,-0.172718421,1.616666675,26.543333053589,-4.298340797,151.80000305176,0,3.2000000476837,960.5,0,99999.89844,39.810558319092,39.66934967
2016/4/2 22:00,4.8220329284668,155592.75,-0.172448263,2.0733332633972,26.5,-4.1466465,154.60000610352,0,3.4000000953674,960.50335693359,0,99999.89844,58.025661468506,39.626682281494
2016/4/2 22:05,4.8235306739807,155592.7344,-0.172844574,1.8366667032242,26.420000076294,-4.063294888,152.4666595,0,3.0,960.56665039062,0,99999.89844,57.991031646729,39.58810043
2016/4/2 22:10,4.8221011161804,155592.7188,-0.172996998,1.7400000095367,26.366666793823,-4.053833961,159.60000610352,0,2.7000000476837,960.59997558594,0,99999.89844,57.972122192383,39.576541900635
2016/4/2 22:15,4.8255701065063,155592.7031,-0.173000962,2.143333197,26.359998703003,-3.86124897,167.86666870117,0,3.9000000953674,960.58331298828,0,99999.89844,39.765625,39.604541778564
2016/4/2 22:20,4.8248257637024,155592.6875,-0.173100159,2.436666727,26.299999237061,-3.75621748,159.5,0,3.7000000476837,960.57666015625,0,99999.89844,39.827606201172,39.644802093506
2016/4/2 22:30,4.8227806091309,155592.6563,-0.173098311,2.4100000858307,26.116666793823,-3.85182023,164.16667175293,0,4.1999998092651,960.63330078125,0,99999.89844,39.814010620117,39.637790679932
2016/4/2 22:35,4.8255429267883,155592.6563,-0.1724374,2.3766665458679,26.243333816528,-3.421784163,154.26666259766,0,3.9000000953674,960.59997558594,0,99999.89844,39.90389252,39.687446594238
2016/4/2 22:40,4.8274188041687,155592.6406,-0.172583669,2.3999998569489,26.299999237061,-3.51411581,167.16667175293,0,4.5999999046326,960.59997558594,0,99999.89844,58.227161407471,39.754726409912
2016/4/2 22:45,4.8284296989441,155592.625,-0.173001856,2.0866665840149,26.186666488647,-3.87738061,166.33332824707,0,3.0999999046326,960.59997558594,0,99999.89844,58.183486938477,39.729251861572
2016/4/2 22:50,4.8264107704163,155592.6094,-0.172935247,2.1633334159851,26.030000686646,-3.970674276,166.56666564941,0,3.5999999046326,960.67999267578,0,99999.89844,76.373733520508,39.655261993408
2016/4/2 22:55,4.8240857124329,155592.5938,-0.172819868,2.0766665935516,25.946666717529,-4.052390575,169.73333740234,0,3.5999999046326,960.70001220703,0,99999.89844,39.800285339355,39.605392456055
2016/4/2 23:00,4.8249468803406,155592.5781,-0.172905117,2.7433333396912,25.75333405,-3.915192127,167.5,0,4.1999998092651,960.69000244141,0,99999.89844,39.771945953369,39.575340270996
2016/4/2 23:05,4.8293533325195,155592.5625,-0.172867134,2.1700000762939,25.593334197998,-3.964035749,167.10000610352,0,3.5999999046326,960.70001220703,0,99999.89844,39.736621856689,39.537494659424
2016/4/2 23:10,4.8305559158325,155592.5469,-0.172615513,2.2733333110809,25.433332443237,-4.013456821,161.39999389648,0,4.0999999046326,960.70001220703,0,99999.89844,57.880104064941,39.476341247559
2016/4/2 23:15,4.8349165916443,155592.5313,-0.172399759,2.0666666030884,25.25333405,-4.117333889,165.19999694824,0,3.4000000953674,960.67333984375,0,99999.89844,57.808067321777,39.411701202393
2016/4/2 23:20,4.8304328918457,155592.5156,-0.173128486,2.6233332157135,25.10333443,-3.942099333,164.63333129883,0,4.0999999046326,960.65997314453,0,99999.89844,39.496356964111,39.3337059
2016/4/2 23:30,4.8314003944397,155592.4844,-0.173107609,2.7366666793823,24.90333366,-3.878855944,165.0333405,0,4.9000000953674,960.68334960938,0,99999.89844,57.655765533447,39.250198364258
2016/4/2 23:35,4.831268787,155592.4844,-0.17321232,2.8800001144409,24.889999389648,-3.722030163,165.9666595,0,4.5,960.66668701172,0,99999.89844,57.651165008545,39.230506896973
2016/4/2 23:40,4.8336086273193,155592.4688,-0.17309618,2.7633333206177,24.819999694824,-3.583677053,159.30000305176,0,5.0,960.6933594,0,99999.89844,39.390201568604,39.224613189697
2016/4/2 23:45,4.8316760063171,155592.4531,-0.172945261,2.7699999809265,24.70333481,-3.745185137,159.39999389648,0,4.3000001907349,960.70001220703,0,99999.89844,39.334190368652,39.17310333
2016/4/2 23:55,4.8330659866333,155592.4219,-0.172636241,2.563333273,24.526666641235,-3.644451141,153.76666259766,0,5.0999999046326,960.69665527344,0,99999.89844,39.187015533447,39.042430877686
2016/4/3 0:00,4.8335165977478,155592.4063,-0.172951818,2.6566667556763,24.60000038,-3.363511801,159.36666870117,0,4.9000000953674,960.70001220703,0,99999.89844,57.435020446777,39.038795471191
2016/4/3 0:05,4.8370332717896,155592.3906,-0.173083588,2.5133333206177,24.583333969116,-3.584446907,155.76666259766,0,4.8000001907349,960.70001220703,0,99999.89844,75.682189941406,39.017162322998
2016/4/3 0:10,4.838526726,155592.375,-0.17292197,2.603333235,24.566667556763,-3.633001804,162.43333435059,0,4.9000000953674,960.70001220703,0,99999.89844,57.42276764,39.000728607178
2016/4/3 0:15,4.8358778953552,155592.3594,-0.172904357,3.0033333301544,24.553333282471,-3.440609694,154.69999694824,0,4.6999998092651,960.70001220703,0,99999.89844,39.172687530518,38.986881256104
2016/4/3 0:20,4.837061882,155592.3438,-0.173002362,2.2233333587646,24.433332443237,-3.732004166,157.89999389648,0,3.5999999046326,960.70001220703,0,99999.89844,57.352611541748,38.922702789307
2016/4/3 0:25,4.8375825881958,155592.3281,-0.172562197,2.3733334541321,24.286666870117,-3.916635275,160.60000610352,0,3.5999999046326,960.6933594,0,99999.89844,39.002086639404,38.843349456787
2016/4/3 0:30,4.8373761177063,155592.3125,-0.172404826,2.7133333683014,24.150001525879,-3.834598303,155.0333405,0,4.1999998092651,960.59997558594,0,99999.89844,38.953491210938,38.784267425537
2016/4/3 0:35,4.8313994407654,155592.2969,-0.172806874,2.4466667175293,24.053333282471,-3.789955854,156.5333405,0,4.0999999046326,960.59997558594,0,99999.89844,38.880039215088,38.729652404785
2016/4/3 0:40,4.8339858055115,155592.2969,-0.172852427,2.5166666507721,23.993333816528,-3.865706921,148.16667175293,0,3.7999999523163,960.59997558594,0,99999.89844,57.096057891846,38.686935424805
2016/4/3 0:45,4.8345437049866,155592.2813,-0.172872812,2.6966667175293,23.89999962,-3.871575832,155.13333129883,0,4.9000000953674,960.59997558594,0,99999.89844,38.802833557129,38.641471862793
2016/4/3 0:50,4.8317270278931,155592.2656,-0.172725424,2.3499999046326,23.89999962,-3.523640633,155.73333740234,0,3.5,960.57000732422,0,99999.89844,57.037620544434,38.617942810059
2016/4/3 0:55,4.8329257965088,155592.25,-0.172732979,2.7566666603088,23.89999962,-3.597307205,157.13333129883,0,4.6999998092651,960.52331542969,0,99999.89844,57.040126800537,38.610733032227
2016/4/3 1:05,4.837703705,155592.2188,-0.172339201,3.2999999523163,23.716667175293,-3.689285994,147.66667175293,0,4.5,960.54663085938,0,99999.89844,38.721229553223,38.544563293457
2016/4/3 1:15,4.840416431,155592.1875,-0.172891006,2.3833334445953,23.413333892822,-3.84251976,153.63333129883,0,3.7000000476837,960.5,0,99999.89844,93.292488098145,38.373176574707
2016/4/3 1:20,4.8424925804138,155592.1719,-0.173146278,2.2033333778381,23.263332366943,-3.723697662,159.63333129883,0,3.7000000476837,960.47332763672,0,99999.89844,74.938896179199,38.298587799072
2016/4/3 1:30,4.8377509117126,155592.1406,-0.172955588,2.0166666507721,23.10000038,-3.728155613,152.4666595,0,3.2999999523163,960.40002441406,0,99999.89844,56.563083648682,38.172679901123
2016/4/3 1:35,4.8352799415588,155592.125,-0.172957778,2.0233333110809,23.046667098999,-3.830108404,158.0333405,0,3.7000000476837,960.40002441406,0,99999.89844,38.286739349365,38.140754699707
2016/4/3 1:40,4.8359332084656,155592.1094,-0.172534108,1.8333333730698,22.973333358765,-4.076571941,154.9666595,0,2.5999999046326,960.40002441406,0,99999.89844,38.210971832275,38.075401306152
2016/4/3 1:45,4.8351497650146,155592.1094,-0.172333539,1.866666675,22.89999962,-3.934210062,165.26666259766,0,3.2000000476837,960.40002441406,0,99999.89844,38.145477294922,38.018634796143
2016/4/3 1:50,4.8339838981628,155592.0938,-0.172634155,1.75,22.803333282471,-4.07894516,167.13333129883,0,3.2000000476837,960.40002441406,0,99999.89844,74.600616455078,37.95662689
2016/4/3 1:55,4.8387885093689,155592.0781,-0.17280674,1.656666636,22.723333358765,-3.867887735,166.4666595,0,3.0999999046326,960.40002441406,0,99999.89844,56.340461730957,37.929859161377
2016/4/3 2:00,4.8379826545715,155592.0625,-0.172823697,1.8466666936874,22.623332977295,-3.912850857,161.06666564941,0,2.7999999523163,960.37670898438,0,99999.89844,38.010803222656,37.877067565918
2016/4/3 2:05,4.8389949798584,155592.0469,-0.172915652,1.75,22.513334274292,-3.947262764,161.5333405,0,3.2000000476837,960.32000732422,0,99999.89844,56.253047943115,37.837688446045
2016/4/3 2:10,4.8352432250977,155592.0313,-0.173062041,1.6100000143051,22.443332672119,-3.893897057,169.43333435059,0,2.7999999523163,960.29998779297,0,99999.89844,74.45036316,37.780010223389
